,PROPNUM,BOLO_ID,LEASE,API,API10,D_DATE,Liquid_bbl,Gas_mcf,Water_Bbl,Well_Count,Days,TP,CP,CHK
0,Q9HHGQ7E47,60463,ALTIMORE 1H,420513399700,4205133997,3/27/17,0.0,0.0,0.0,1,,2200.0,0.0,0.0
1,Q9HHGQ7E47,60463,ALTIMORE 1H,420513399700,4205133997,3/28/17,0.0,0.0,98.0,1,,2132.0,0.0,10.0
2,Q9HHGQ7E47,60463,ALTIMORE 1H,420513399700,4205133997,3/29/17,0.0,0.0,895.0,1,,2161.0,0.0,12.0
3,Q9HHGQ7E47,60463,ALTIMORE 1H,420513399700,4205133997,3/30/17,115.8564999,0.0,1104.0,1,,2112.0,0.0,14.0
4,Q9HHGQ7E47,60463,ALTIMORE 1H,420513399700,4205133997,3/31/17,157.5314999,119.8382749,1058.0,1,,2113.0,0.0,14.0
5,Q9HHGQ7E47,60463,ALTIMORE 1H,420513399700,4205133997,4/1/17,331.0306907,218.0203327,1195.0,1,,2032.0,0.0,16.0
6,Q9HHGQ7E47,60463,ALTIMORE 1H,420513399700,4205133997,4/2/17,448.0573952,280.1319018,1264.0,1,,2014.0,0.0,16.0
7,Q9HHGQ7E47,60463,ALTIMORE 1H,420513399700,4205133997,4/3/17,608.294583,311.9666667,1311.0,1,,1945.0,0.0,18.0
8,Q9HHGQ7E47,60463,ALTIMORE 1H,420513399700,4205133997,4/4/17,807.2349333,464.9404642,1445.0,1,,1850.0,0.0,20.0
9,Q9HHGQ7E47,60463,ALTIMORE 1H,420513399700,4205133997,4/5/17,879.0146397,535.1700288,1338.0,1,,1800.0,0.0,20.0
10,Q9HHGQ7E47,60463,ALTIMORE 1H,420513399700,4205133997,4/6/17,897.9558505,560.2685874,1165.0,1,,1775.0,0.0,20.0
11,Q9HHGQ7E47,60463,ALTIMORE 1H,420513399700,4205133997,4/7/17,920.0,571.8304147,1110.0,1,,1740.0,0.0,20.0
12,Q9HHGQ7E47,60463,ALTIMORE 1H,420513399700,4205133997,4/8/17,978.0,574.296846,1025.0,1,,1700.0,20.0,20.0
13,Q9HHGQ7E47,60463,ALTIMORE 1H,420513399700,4205133997,4/9/17,919.2557171,575.8331789,997.0,1,,1675.0,20.0,20.0
14,Q9HHGQ7E47,60463,ALTIMORE 1H,420513399700,4205133997,4/10/17,914.1942793,578.3407407,850.0,1,,1650.0,20.0,20.0
15,Q9HHGQ7E47,60463,ALTIMORE 1H,420513399700,4205133997,4/11/17,953.6941944,576.2188962,802.0,1,,1600.0,25.0,20.0
16,Q9HHGQ7E47,60463,ALTIMORE 1H,420513399700,4205133997,4/12/17,924.5203462,580.896679,833.0,1,,1580.0,25.0,20.0
17,Q9HHGQ7E47,60463,ALTIMORE 1H,420513399700,4205133997,4/13/17,966.8179861,581.6326531,732.0,1,,1550.0,25.0,20.0
18,Q9HHGQ7E47,60463,ALTIMORE 1H,420513399700,4205133997,4/14/17,922.6182271,579.0865116,665.0,1,,1525.0,25.0,20.0
19,Q9HHGQ7E47,60463,ALTIMORE 1H,420513399700,4205133997,4/15/17,930.9780757,576.758427,660.0,1,,1500.0,25.0,20.0
20,Q9HHGQ7E47,60463,ALTIMORE 1H,420513399700,4205133997,4/16/17,932.6728291,572.7939793,653.0,1,,1500.0,25.0,20.0
21,Q9HHGQ7E47,60463,ALTIMORE 1H,420513399700,4205133997,4/17/17,881.2022724,567.5610687,473.0,1,,1460.0,25.0,20.0
22,Q9HHGQ7E47,60463,ALTIMORE 1H,420513399700,4205133997,4/18/17,936.264221,560.6382153,602.0,1,,1420.0,25.0,20.0
23,Q9HHGQ7E47,60463,ALTIMORE 1H,420513399700,4205133997,4/19/17,902.9701362,558.9199614,563.0,1,,1400.0,25.0,20.0
24,Q9HHGQ7E47,60463,ALTIMORE 1H,420513399700,4205133997,4/20/17,884.1446095,554.4897959,560.0,1,,1365.0,25.0,20.0
25,Q9HHGQ7E47,60463,ALTIMORE 1H,420513399700,4205133997,4/21/17,849.648648,549.609421,502.0,1,,1350.0,25.0,20.0
26,Q9HHGQ7E47,60463,ALTIMORE 1H,420513399700,4205133997,4/22/17,863.9926927,543.6950853,532.0,1,,1350.0,25.0,20.0
27,Q9HHGQ7E47,60463,ALTIMORE 1H,420513399700,4205133997,4/23/17,873.0429677,538.7254509,498.0,1,,1350.0,25.0,20.0
28,Q9HHGQ7E47,60463,ALTIMORE 1H,420513399700,4205133997,4/24/17,851.9140655,533.7393939,492.0,1,,1300.0,25.0,20.0
29,Q9HHGQ7E47,60463,ALTIMORE 1H,420513399700,4205133997,4/25/17,831.198911,528.0676923,460.0,1,,1270.0,25.0,20.0
30,Q9HHGQ7E47,60463,ALTIMORE 1H,420513399700,4205133997,4/26/17,849.4561171,523.5077559,472.0,1,,1250.0,25.0,20.0
31,Q9HHGQ7E47,60463,ALTIMORE 1H,420513399700,4205133997,4/27/17,796.3854238,517.4160584,462.0,1,,1240.0,25.0,20.0
32,Q9HHGQ7E47,60463,ALTIMORE 1H,420513399700,4205133997,4/28/17,829.9671572,512.5289779,448.0,1,,1220.0,25.0,20.0
33,Q9HHGQ7E47,60463,ALTIMORE 1H,420513399700,4205133997,4/29/17,811.3734164,506.7379679,412.0,1,,1220.0,25.0,20.0
34,Q9HHGQ7E47,60463,ALTIMORE 1H,420513399700,4205133997,4/30/17,800.2152133,502.6408602,403.0,1,,1220.0,25.0,20.0
35,Q9HHGQ7E47,60463,ALTIMORE 1H,420513399700,4205133997,5/1/17,807.0541534,496.9071274,348.0,1,,1180.0,25.0,20.0
36,Q9HHGQ7E47,60463,ALTIMORE 1H,420513399700,4205133997,5/2/17,795.371077,492.5551913,430.0,1,,1180.0,25.0,20.0
37,Q9HHGQ7E47,60463,ALTIMORE 1H,420513399700,4205133997,5/3/17,795.8552739,486.7591565,432.0,1,,1140.0,25.0,20.0
38,Q9HHGQ7E47,60463,ALTIMORE 1H,420513399700,4205133997,5/4/17,806.9609493,482.309417,321.0,1,,1125.0,30.0,20.0
39,Q9HHGQ7E47,60463,ALTIMORE 1H,420513399700,4205133997,5/5/17,683.1759374,478.6681665,343.0,1,,1110.0,30.0,20.0
40,Q9HHGQ7E47,60463,ALTIMORE 1H,420513399700,4205133997,5/6/17,778.1749607,475.0293454,338.0,1,,1110.0,30.0,20.0
41,Q9HHGQ7E47,60463,ALTIMORE 1H,420513399700,4205133997,5/7/17,754.1282162,475.119213,338.0,1,,1110.0,30.0,20.0
42,Q9HHGQ7E47,60463,ALTIMORE 1H,420513399700,4205133997,5/8/17,754.444956,464.6843931,337.0,1,,1065.0,30.0,20.0
43,Q9HHGQ7E47,60463,ALTIMORE 1H,420513399700,4205133997,5/9/17,704.6226779,459.8827667,367.0,1,,1050.0,30.0,20.0
44,Q9HHGQ7E47,60463,ALTIMORE 1H,420513399700,4205133997,5/10/17,724.3975396,455.3471074,343.0,1,,1030.0,30.0,20.0
45,Q9HHGQ7E47,60463,ALTIMORE 1H,420513399700,4205133997,5/11/17,692.492374,449.3377246,323.0,1,,1000.0,30.0,20.0
46,Q9HHGQ7E47,60463,ALTIMORE 1H,420513399700,4205133997,5/12/17,706.5030064,445.8050542,332.0,1,,1000.0,38.0,20.0
47,Q9HHGQ7E47,60463,ALTIMORE 1H,420513399700,4205133997,5/13/17,727.3358497,442.185766,342.0,1,,1000.0,38.0,20.0
48,Q9HHGQ7E47,60463,ALTIMORE 1H,420513399700,4205133997,5/14/17,664.618307,438.2780488,273.0,1,,1000.0,38.0,20.0
49,Q9HHGQ7E47,60463,ALTIMORE 1H,420513399700,4205133997,5/15/17,708.6428731,433.8349754,322.0,1,,970.0,38.0,20.0
50,Q9HHGQ7E47,60463,ALTIMORE 1H,420513399700,4205133997,5/16/17,670.9743116,429.4681648,292.0,1,,960.0,30.0,20.0
51,Q9HHGQ7E47,60463,ALTIMORE 1H,420513399700,4205133997,5/17/17,686.4171931,426.4641509,302.0,1,,950.0,30.0,20.0
52,Q9HHGQ7E47,60463,ALTIMORE 1H,420513399700,4205133997,5/18/17,653.202721,421.4739517,278.0,1,,940.0,30.0,20.0
53,Q9HHGQ7E47,60463,ALTIMORE 1H,420513399700,4205133997,5/19/17,665.0062092,418.0205128,282.0,1,,940.0,30.0,20.0
54,Q9HHGQ7E47,60463,ALTIMORE 1H,420513399700,4205133997,5/20/17,643.9626538,414.4644243,257.0,1,,940.0,30.0,20.0
55,Q9HHGQ7E47,60463,ALTIMORE 1H,420513399700,4205133997,5/21/17,631.2929177,412.2804718,275.0,1,,940.0,30.0,20.0
56,Q9HHGQ7E47,60463,ALTIMORE 1H,420513399700,4205133997,5/22/17,678.4988308,401.6402685,273.0,1,,920.0,30.0,20.0
57,Q9HHGQ7E47,60463,ALTIMORE 1H,420513399700,4205133997,5/23/17,634.428351,401.1018767,257.0,1,,900.0,30.0,20.0
58,Q9HHGQ7E47,60463,ALTIMORE 1H,420513399700,4205133997,5/24/17,652.0308015,400.021419,268.0,1,,870.0,30.0,20.0
59,Q9HHGQ7E47,60463,ALTIMORE 1H,420513399700,4205133997,5/25/17,630.0779728,396.5306122,258.0,1,,860.0,30.0,20.0
60,Q9HHGQ7E47,60463,ALTIMORE 1H,420513399700,4205133997,5/26/17,626.3955526,393.5640327,254.0,1,,850.0,30.0,20.0
61,Q9HHGQ7E47,60463,ALTIMORE 1H,420513399700,4205133997,5/27/17,612.2318964,390.5679012,250.0,1,,850.0,30.0,20.0
62,Q9HHGQ7E47,60463,ALTIMORE 1H,420513399700,4205133997,5/28/17,618.1313501,390.3711911,259.0,1,,850.0,30.0,20.0
63,Q9HHGQ7E47,60463,ALTIMORE 1H,420513399700,4205133997,5/29/17,591.0187766,384.0333797,253.0,1,,850.0,30.0,20.0
64,Q9HHGQ7E47,60463,ALTIMORE 1H,420513399700,4205133997,5/30/17,610.2736177,380.9454545,232.0,1,,830.0,30.0,20.0
65,Q9HHGQ7E47,60463,ALTIMORE 1H,420513399700,4205133997,5/31/17,592.3718181,377.1164773,245.0,1,,810.0,30.0,20.0
66,Q9HHGQ7E47,60463,ALTIMORE 1H,420513399700,4205133997,6/1/17,563.4212457,374.1201717,230.0,1,,800.0,30.0,20.0
67,Q9HHGQ7E47,60463,ALTIMORE 1H,420513399700,4205133997,6/2/17,598.2992249,371.5833333,247.0,1,,800.0,30.0,20.0
68,Q9HHGQ7E47,60463,ALTIMORE 1H,420513399700,4205133997,6/3/17,606.5938428,365.659824,221.0,1,,800.0,30.0,20.0
69,Q9HHGQ7E47,60463,ALTIMORE 1H,420513399700,4205133997,6/4/17,574.1958632,359.2131148,242.0,1,,800.0,30.0,20.0
70,Q9HHGQ7E47,60463,ALTIMORE 1H,420513399700,4205133997,6/5/17,540.2439959,357.1517857,0.0,1,,790.0,440.0,20.0
71,Q9HHGQ7E47,60463,ALTIMORE 1H,420513399700,4205133997,6/6/17,582.6734748,356.6831091,240.0,1,,760.0,580.0,20.0
72,Q9HHGQ7E47,60463,ALTIMORE 1H,420513399700,4205133997,6/7/17,552.3483809,354.6107784,255.0,1,,750.0,680.0,20.0
73,Q9HHGQ7E47,60463,ALTIMORE 1H,420513399700,4205133997,6/8/17,540.153505,353.1402715,202.0,1,,750.0,730.0,20.0
74,Q9HHGQ7E47,60463,ALTIMORE 1H,420513399700,4205133997,6/9/17,546.4624465,350.6773212,223.0,1,,750.0,790.0,20.0
75,Q9HHGQ7E47,60463,ALTIMORE 1H,420513399700,4205133997,6/10/17,598.6270837,349.6697248,277.0,1,,750.0,790.0,20.0
76,Q9HHGQ7E47,60463,ALTIMORE 1H,420513399700,4205133997,6/11/17,517.3058552,348.1273006,200.0,1,,750.0,790.0,20.0
77,Q9HHGQ7E47,60463,ALTIMORE 1H,420513399700,4205133997,6/12/17,519.9468084,346.2132921,198.0,1,,740.0,900.0,20.0
78,Q9HHGQ7E47,60463,ALTIMORE 1H,420513399700,4205133997,6/13/17,542.5351528,349.1653666,199.0,1,,740.0,920.0,20.0
79,Q9HHGQ7E47,60463,ALTIMORE 1H,420513399700,4205133997,6/14/17,542.1614397,342.2097027,210.0,1,,730.0,960.0,20.0
80,Q9HHGQ7E47,60463,ALTIMORE 1H,420513399700,4205133997,6/15/17,529.6308047,340.207874,212.0,1,,720.0,960.0,20.0
81,Q9HHGQ7E47,60463,ALTIMORE 1H,420513399700,4205133997,6/16/17,505.7390646,338.748019,193.0,1,,720.0,960.0,20.0
82,Q9HHGQ7E47,60463,ALTIMORE 1H,420513399700,4205133997,6/17/17,520.3566521,333.7737342,185.0,1,,720.0,960.0,20.0
83,Q9HHGQ7E47,60463,ALTIMORE 1H,420513399700,4205133997,6/18/17,540.667545,334.2083333,187.0,1,,720.0,960.0,20.0
84,Q9HHGQ7E47,60463,ALTIMORE 1H,420513399700,4205133997,6/19/17,512.332219,332.7483871,202.0,1,,700.0,940.0,20.0
85,Q9HHGQ7E47,60463,ALTIMORE 1H,420513399700,4205133997,6/20/17,505.016312,330.2106969,170.0,1,,700.0,920.0,20.0
86,Q9HHGQ7E47,60463,ALTIMORE 1H,420513399700,4205133997,6/21/17,521.3699663,327.7495908,178.0,1,,700.0,920.0,20.0
87,Q9HHGQ7E47,60463,ALTIMORE 1H,420513399700,4205133997,6/22/17,499.0589917,325.7532895,192.0,1,,690.0,920.0,20.0
88,Q9HHGQ7E47,60463,ALTIMORE 1H,420513399700,4205133997,6/23/17,506.0106227,323.7570248,180.0,1,,690.0,920.0,20.0
89,Q9HHGQ7E47,60463,ALTIMORE 1H,420513399700,4205133997,6/24/17,522.8198265,322.296173,170.0,1,,690.0,920.0,20.0
90,Q9HHGQ7E47,60463,ALTIMORE 1H,420513399700,4205133997,6/25/17,389.1738909,0.0,190.0,1,,700.0,940.0,20.0
91,Q9HHGQ7E47,60463,ALTIMORE 1H,420513399700,4205133997,6/26/17,426.5958749,317.7466216,153.0,1,,675.0,940.0,20.0
92,Q9HHGQ7E47,60463,ALTIMORE 1H,420513399700,4205133997,6/27/17,500.4274955,315.744898,170.0,1,,675.0,940.0,20.0
93,Q9HHGQ7E47,60463,ALTIMORE 1H,420513399700,4205133997,6/28/17,502.6849666,313.7597956,165.0,1,,660.0,930.0,20.0
94,Q9HHGQ7E47,60463,ALTIMORE 1H,420513399700,4205133997,6/29/17,502.16099,311.7581475,147.0,1,,650.0,930.0,20.0
95,Q9HHGQ7E47,60463,ALTIMORE 1H,420513399700,4205133997,6/30/17,560.5107301,310.3017241,153.0,1,,600.0,975.0,20.0
96,Q9HHGQ7E47,60463,ALTIMORE 1H,420513399700,4205133997,7/1/17,429.1560101,308.305026,140.0,1,,700.0,900.0,20.0
97,Q9HHGQ7E47,60463,ALTIMORE 1H,420513399700,4205133997,7/2/17,478.5472754,306.3036649,156.0,1,,700.0,940.0,20.0
98,Q9HHGQ7E47,60463,ALTIMORE 1H,420513399700,4205133997,7/3/17,466.7395581,305.2185315,166.0,1,,700.0,940.0,20.0
99,Q9HHGQ7E47,60463,ALTIMORE 1H,420513399700,4205133997,7/4/17,519.7319331,302.7676056,187.0,1,,700.0,940.0,20.0
100,Q9HHGQ7E47,60463,ALTIMORE 1H,420513399700,4205133997,7/5/17,520.104,301.7667845,130.0,1,,600.0,940.0,20.0
101,Q9HHGQ7E47,60463,ALTIMORE 1H,420513399700,4205133997,7/6/17,462.5543157,302.7619048,172.0,1,,600.0,940.0,20.0
102,Q9HHGQ7E47,60463,ALTIMORE 1H,420513399700,4205133997,7/7/17,408.4029143,301.4616756,210.0,1,,600.0,940.0,22.0
103,Q9HHGQ7E47,60463,ALTIMORE 1H,420513399700,4205133997,7/8/17,552.2921026,349.2518629,205.0,1,,600.0,940.0,22.0
104,Q9HHGQ7E47,60463,ALTIMORE 1H,420513399700,4205133997,7/9/17,543.7308985,345.7703927,180.0,1,,600.0,1000.0,22.0
105,Q9HHGQ7E47,60463,ALTIMORE 1H,420513399700,4205133997,7/10/17,469.0155453,343.2177294,156.0,1,,600.0,940.0,22.0
106,Q9HHGQ7E47,60463,ALTIMORE 1H,420513399700,4205133997,7/11/17,563.5278112,342.4423381,193.0,1,,520.0,940.0,22.0
107,Q9HHGQ7E47,60463,ALTIMORE 1H,420513399700,4205133997,7/12/17,510.6165612,342.4556962,178.0,1,,525.0,940.0,22.0
108,Q9HHGQ7E47,60463,ALTIMORE 1H,420513399700,4205133997,7/13/17,469.0562545,342.5597381,205.0,1,,525.0,940.0,22.0
109,Q9HHGQ7E47,60463,ALTIMORE 1H,420513399700,4205133997,7/14/17,453.7653744,340.1960133,130.0,1,,525.0,940.0,22.0
110,Q9HHGQ7E47,60463,ALTIMORE 1H,420513399700,4205133997,7/15/17,516.0807477,310.2871622,194.0,1,,500.0,1000.0,22.0
111,Q9HHGQ7E47,60463,ALTIMORE 1H,420513399700,4205133997,7/16/17,455.0260939,305.8089501,160.0,1,,500.0,1000.0,22.0
112,Q9HHGQ7E47,60463,ALTIMORE 1H,420513399700,4205133997,7/17/17,455.4619135,308.6516464,170.0,1,,500.0,1000.0,22.0
113,Q9HHGQ7E47,60463,ALTIMORE 1H,420513399700,4205133997,7/18/17,467.8225455,304.0,167.0,1,,500.0,1000.0,22.0
114,Q9HHGQ7E47,60463,ALTIMORE 1H,420513399700,4205133997,7/19/17,443.4574441,298.28471,163.0,1,,500.0,1000.0,22.0
115,Q9HHGQ7E47,60463,ALTIMORE 1H,420513399700,4205133997,7/20/17,458.6932696,298.3409894,173.0,1,,500.0,975.0,22.0
116,Q9HHGQ7E47,60463,ALTIMORE 1H,420513399700,4205133997,7/21/17,452.1352961,293.7504456,167.0,1,,500.0,970.0,22.0
117,Q9HHGQ7E47,60463,ALTIMORE 1H,420513399700,4205133997,7/22/17,473.0609125,292.2733813,175.0,1,,500.0,970.0,22.0
118,Q9HHGQ7E47,60463,ALTIMORE 1H,420513399700,4205133997,7/23/17,435.7055239,290.278481,160.0,1,,500.0,970.0,22.0
119,Q9HHGQ7E47,60463,ALTIMORE 1H,420513399700,4205133997,7/24/17,350.1070663,288.3400366,147.0,1,,500.0,900.0,22.0
120,Q9HHGQ7E47,60463,ALTIMORE 1H,420513399700,4205133997,7/25/17,467.8576422,286.2752294,168.0,1,,500.0,900.0,22.0
121,Q9HHGQ7E47,60463,ALTIMORE 1H,420513399700,4205133997,7/26/17,448.3500594,285.3431734,175.0,1,,490.0,900.0,22.0
122,Q9HHGQ7E47,60463,ALTIMORE 1H,420513399700,4205133997,7/27/17,427.4793566,286.935305,167.0,1,,490.0,900.0,22.0
123,Q9HHGQ7E47,60463,ALTIMORE 1H,420513399700,4205133997,7/28/17,437.3974507,286.0634328,157.0,1,,480.0,900.0,22.0
124,Q9HHGQ7E47,60463,ALTIMORE 1H,420513399700,4205133997,7/29/17,447.3830143,283.5299625,163.0,1,,500.0,900.0,22.0
125,Q9HHGQ7E47,60463,ALTIMORE 1H,420513399700,4205133997,7/30/17,428.0070366,278.2754717,153.0,1,,500.0,900.0,22.0
126,Q9HHGQ7E47,60463,ALTIMORE 1H,420513399700,4205133997,7/31/17,425.9002035,277.3434535,144.0,1,,500.0,900.0,22.0
127,Q9HHGQ7E47,60463,ALTIMORE 1H,420513399700,4205133997,8/1/17,439.4014993,279.0,159.0,1,,490.0,900.0,22.0
128,Q9HHGQ7E47,60463,ALTIMORE 1H,420513399700,4205133997,8/2/17,439.6022256,272.3404255,164.0,1,,480.0,880.0,22.0
129,Q9HHGQ7E47,60463,ALTIMORE 1H,420513399700,4205133997,8/3/17,418.3193708,271.2837838,175.0,1,,460.0,880.0,22.0
130,Q9HHGQ7E47,60463,ALTIMORE 1H,420513399700,4205133997,8/4/17,418.0494885,271.2765957,165.0,1,,460.0,880.0,22.0
131,Q9HHGQ7E47,60463,ALTIMORE 1H,420513399700,4205133997,8/5/17,385.549832,274.0643275,141.0,1,,460.0,880.0,22.0
132,Q9HHGQ7E47,60463,ALTIMORE 1H,420513399700,4205133997,8/6/17,435.5528041,267.805501,146.0,1,,460.0,880.0,22.0
133,Q9HHGQ7E47,60463,ALTIMORE 1H,420513399700,4205133997,8/7/17,407.6197137,266.9343936,146.0,1,,450.0,880.0,22.0
134,Q9HHGQ7E47,60463,ALTIMORE 1H,420513399700,4205133997,8/8/17,420.0672092,266.9365079,136.0,1,,450.0,860.0,22.0
135,Q9HHGQ7E47,60463,ALTIMORE 1H,420513399700,4205133997,8/9/17,415.9421011,264.87251,149.0,1,,430.0,860.0,22.0
136,Q9HHGQ7E47,60463,ALTIMORE 1H,420513399700,4205133997,8/10/17,402.531353,262.2834331,135.0,1,,440.0,800.0,22.0
137,Q9HHGQ7E47,60463,ALTIMORE 1H,420513399700,4205133997,8/11/17,387.7595344,261.2825651,151.0,1,,440.0,800.0,22.0
138,Q9HHGQ7E47,60463,ALTIMORE 1H,420513399700,4205133997,8/12/17,399.6395348,275.1157895,145.0,1,,440.0,850.0,22.0
139,Q9HHGQ7E47,60463,ALTIMORE 1H,420513399700,4205133997,8/13/17,377.7999741,278.7014925,142.0,1,,440.0,850.0,22.0
140,Q9HHGQ7E47,60463,ALTIMORE 1H,420513399700,4205133997,8/14/17,412.7059235,258.1935484,139.0,1,,440.0,850.0,22.0
141,Q9HHGQ7E47,60463,ALTIMORE 1H,420513399700,4205133997,8/15/17,413.9442637,257.7440347,122.0,1,,440.0,850.0,22.0
142,Q9HHGQ7E47,60463,ALTIMORE 1H,420513399700,4205133997,8/16/17,391.5714457,255.1834061,129.0,1,,440.0,850.0,22.0
143,Q9HHGQ7E47,60463,ALTIMORE 1H,420513399700,4205133997,8/17/17,404.9505991,253.6258206,128.0,1,,420.0,800.0,22.0
144,Q9HHGQ7E47,60463,ALTIMORE 1H,420513399700,4205133997,8/18/17,386.8212601,257.0,133.0,1,,420.0,700.0,22.0
145,Q9HHGQ7E47,60463,ALTIMORE 1H,420513399700,4205133997,8/19/17,388.6882619,251.219917,129.0,1,,420.0,800.0,22.0
146,Q9HHGQ7E47,60463,ALTIMORE 1H,420513399700,4205133997,8/20/17,391.07523,249.2275574,133.0,1,,420.0,750.0,22.0
147,Q9HHGQ7E47,60463,ALTIMORE 1H,420513399700,4205133997,8/21/17,399.6922937,250.342437,165.0,1,,400.0,750.0,22.0
148,Q9HHGQ7E47,60463,ALTIMORE 1H,420513399700,4205133997,8/22/17,392.24722,247.2854123,123.0,1,,400.0,750.0,22.0
149,Q9HHGQ7E47,60463,ALTIMORE 1H,420513399700,4205133997,8/23/17,390.078,249.0,107.0,1,,400.0,750.0,22.0
150,Q9HHGQ7E47,60463,ALTIMORE 1H,420513399700,4205133997,8/24/17,379.138013,244.2826552,120.0,1,,400.0,750.0,22.0
151,Q9HHGQ7E47,60463,ALTIMORE 1H,420513399700,4205133997,8/25/17,355.0709999,244.2826552,110.0,1,,400.0,750.0,22.0
152,Q9HHGQ7E47,60463,ALTIMORE 1H,420513399700,4205133997,8/26/17,377.8958603,249.0829694,125.0,1,,400.0,750.0,22.0
153,Q9HHGQ7E47,60463,ALTIMORE 1H,420513399700,4205133997,8/27/17,0.0,0.0,0.0,1,,400.0,750.0,22.0
154,Q9HHGQ7E47,60463,ALTIMORE 1H,420513399700,4205133997,8/28/17,411.9245488,0.0,100.0,1,,460.0,750.0,22.0
155,Q9HHGQ7E47,60463,ALTIMORE 1H,420513399700,4205133997,8/29/17,436.1306807,0.0,125.0,1,,460.0,750.0,22.0
156,Q9HHGQ7E47,60463,ALTIMORE 1H,420513399700,4205133997,8/30/17,453.3344981,263.2694611,132.0,1,,400.0,750.0,22.0
157,Q9HHGQ7E47,60463,ALTIMORE 1H,420513399700,4205133997,8/31/17,468.2517562,257.7398374,125.0,1,,400.0,750.0,22.0
158,Q9HHGQ7E47,60463,ALTIMORE 1H,420513399700,4205133997,9/1/17,345.9616967,253.2123711,118.0,1,,400.0,750.0,22.0
159,Q9HHGQ7E47,60463,ALTIMORE 1H,420513399700,4205133997,9/2/17,398.8068498,249.2175732,105.0,1,,400.0,750.0,22.0
160,Q9HHGQ7E47,60463,ALTIMORE 1H,420513399700,4205133997,9/3/17,426.1103693,248.8773784,100.0,1,,400.0,750.0,22.0
161,Q9HHGQ7E47,60463,ALTIMORE 1H,420513399700,4205133997,9/4/17,306.2396391,243.7424893,70.0,1,,400.0,750.0,22.0
162,Q9HHGQ7E47,60463,ALTIMORE 1H,420513399700,4205133997,9/5/17,444.1781521,240.7391304,183.0,1,,400.0,800.0,22.0
163,Q9HHGQ7E47,60463,ALTIMORE 1H,420513399700,4205133997,9/6/17,328.6237929,238.2687225,143.0,1,,400.0,800.0,22.0
164,Q9HHGQ7E47,60463,ALTIMORE 1H,420513399700,4205133997,9/7/17,358.6594573,235.7427938,113.0,1,,400.0,800.0,22.0
165,Q9HHGQ7E47,60463,ALTIMORE 1H,420513399700,4205133997,9/8/17,367.0581107,234.2729306,111.0,1,,400.0,800.0,22.0
166,Q9HHGQ7E47,60463,ALTIMORE 1H,420513399700,4205133997,9/9/17,363.4343086,231.7477477,90.0,1,,400.0,800.0,22.0
167,Q9HHGQ7E47,60463,ALTIMORE 1H,420513399700,4205133997,9/10/17,355.0709999,230.2687927,115.0,1,,360.0,800.0,22.0
168,Q9HHGQ7E47,60463,ALTIMORE 1H,420513399700,4205133997,9/11/17,335.6824929,242.147806,106.0,1,,360.0,800.0,22.0
169,Q9HHGQ7E47,60463,ALTIMORE 1H,420513399700,4205133997,9/12/17,376.9912957,227.6937355,123.0,1,,380.0,760.0,22.0
170,Q9HHGQ7E47,60463,ALTIMORE 1H,420513399700,4205133997,9/13/17,372.964073,226.2470862,115.0,1,,380.0,760.0,22.0
171,Q9HHGQ7E47,60463,ALTIMORE 1H,420513399700,4205133997,9/14/17,350.4676962,225.2459016,112.0,1,,380.0,760.0,22.0
172,Q9HHGQ7E47,60463,ALTIMORE 1H,420513399700,4205133997,9/15/17,346.3195919,228.0,102.0,1,,380.0,760.0,22.0
173,Q9HHGQ7E47,60463,ALTIMORE 1H,420513399700,4205133997,9/16/17,364.532394,224.2447059,98.0,1,,360.0,760.0,22.0
174,Q9HHGQ7E47,60463,ALTIMORE 1H,420513399700,4205133997,9/17/17,370.7127968,0.0,107.0,1,,360.0,760.0,22.0
175,Q9HHGQ7E47,60463,ALTIMORE 1H,420513399700,4205133997,9/18/17,330.9443913,221.1800948,102.0,1,,360.0,760.0,22.0
176,Q9HHGQ7E47,60463,ALTIMORE 1H,420513399700,4205133997,9/19/17,373.0696784,220.7142857,109.0,1,,360.0,760.0,22.0
177,Q9HHGQ7E47,60463,ALTIMORE 1H,420513399700,4205133997,9/20/17,370.792656,219.7231504,103.0,1,,360.0,760.0,22.0
178,Q9HHGQ7E47,60463,ALTIMORE 1H,420513399700,4205133997,9/21/17,326.7247878,218.1870504,105.0,1,,360.0,760.0,22.0
179,Q9HHGQ7E47,60463,ALTIMORE 1H,420513399700,4205133997,9/22/17,364.0605174,217.1971154,112.0,1,,360.0,760.0,22.0
180,Q9HHGQ7E47,60463,ALTIMORE 1H,420513399700,4205133997,9/23/17,344.7354516,216.1956522,116.0,1,,350.0,740.0,22.0
181,Q9HHGQ7E47,60463,ALTIMORE 1H,420513399700,4205133997,9/24/17,357.6520725,215.1941748,111.0,1,,350.0,740.0,22.0
182,Q9HHGQ7E47,60463,ALTIMORE 1H,420513399700,4205133997,9/25/17,305.6032467,214.1262136,96.0,1,,350.0,740.0,22.0
183,Q9HHGQ7E47,60463,ALTIMORE 1H,420513399700,4205133997,9/26/17,345.653121,213.6715328,92.0,1,,350.0,740.0,22.0
184,Q9HHGQ7E47,60463,ALTIMORE 1H,420513399700,4205133997,9/27/17,338.401,213.6585366,116.0,1,,350.0,740.0,22.0
185,Q9HHGQ7E47,60463,ALTIMORE 1H,420513399700,4205133997,9/28/17,341.8404511,209.049505,110.0,1,,350.0,740.0,22.0
186,Q9HHGQ7E47,60463,ALTIMORE 1H,420513399700,4205133997,9/29/17,370.0739999,211.2,106.0,1,,350.0,740.0,22.0
187,Q9HHGQ7E47,60463,ALTIMORE 1H,420513399700,4205133997,9/30/17,355.342236,209.6650124,108.0,1,,350.0,740.0,22.0
188,Q9HHGQ7E47,60463,ALTIMORE 1H,420513399700,4205133997,10/1/17,338.0065559,208.0645161,108.0,1,,350.0,740.0,22.0
189,Q9HHGQ7E47,60463,ALTIMORE 1H,420513399700,4205133997,10/2/17,259.8336636,207.0623441,83.0,1,,350.0,740.0,22.0
190,Q9HHGQ7E47,60463,ALTIMORE 1H,420513399700,4205133997,10/3/17,353.4039999,205.1240506,107.0,1,,350.0,740.0,22.0
191,Q9HHGQ7E47,60463,ALTIMORE 1H,420513399700,4205133997,10/4/17,335.343469,205.5919395,100.0,1,,350.0,740.0,22.0
192,Q9HHGQ7E47,60463,ALTIMORE 1H,420513399700,4205133997,10/5/17,316.7688898,207.2321429,97.0,1,,350.0,740.0,22.0
193,Q9HHGQ7E47,60463,ALTIMORE 1H,420513399700,4205133997,10/6/17,338.9605087,203.1501272,105.0,1,,350.0,740.0,22.0
194,Q9HHGQ7E47,60463,ALTIMORE 1H,420513399700,4205133997,10/7/17,319.2797773,202.6020408,115.0,1,,340.0,740.0,22.0
195,Q9HHGQ7E47,60463,ALTIMORE 1H,420513399700,4205133997,10/8/17,327.5989311,201.6,98.0,1,,340.0,740.0,22.0
196,Q9HHGQ7E47,60463,ALTIMORE 1H,420513399700,4205133997,10/9/17,339.7971446,200.064433,136.0,1,,340.0,740.0,22.0
197,Q9HHGQ7E47,60463,ALTIMORE 1H,420513399700,4205133997,10/10/17,335.6666406,197.075718,104.0,1,,340.0,740.0,22.0
198,Q9HHGQ7E47,60463,ALTIMORE 1H,420513399700,4205133997,10/11/17,305.9872965,189.5206612,95.0,1,,340.0,740.0,22.0
199,Q9HHGQ7E47,60463,ALTIMORE 1H,420513399700,4205133997,10/12/17,362.6590801,208.3315068,190.0,1,,340.0,970.0,22.0
200,Q9HHGQ7E47,60463,ALTIMORE 1H,420513399700,4205133997,10/13/17,593.0485821,367.7651297,216.0,1,,340.0,970.0,24.0
201,Q9HHGQ7E47,60463,ALTIMORE 1H,420513399700,4205133997,10/14/17,560.4465083,379.401122,203.0,1,,340.0,960.0,24.0
202,Q9HHGQ7E47,60463,ALTIMORE 1H,420513399700,4205133997,10/15/17,498.6164247,350.090625,165.0,1,,340.0,960.0,24.0
203,Q9HHGQ7E47,60463,ALTIMORE 1H,420513399700,4205133997,10/16/17,523.2304182,347.9591837,210.0,1,,340.0,960.0,24.0
204,Q9HHGQ7E47,60463,ALTIMORE 1H,420513399700,4205133997,10/17/17,456.2070069,316.7193277,180.0,1,,340.0,960.0,24.0
205,Q9HHGQ7E47,60463,ALTIMORE 1H,420513399700,4205133997,10/18/17,427.7493724,288.4551495,188.0,1,,340.0,940.0,24.0
206,Q9HHGQ7E47,60463,ALTIMORE 1H,420513399700,4205133997,10/19/17,467.3467862,285.768595,274.0,1,,340.0,960.0,24.0
207,Q9HHGQ7E47,60463,ALTIMORE 1H,420513399700,4205133997,10/20/17,428.6456758,217.9865772,269.0,1,,340.0,960.0,24.0
208,Q9HHGQ7E47,60463,ALTIMORE 1H,420513399700,4205133997,10/21/17,378.4386518,292.5656566,220.0,1,,320.0,960.0,24.0
209,Q9HHGQ7E47,60463,ALTIMORE 1H,420513399700,4205133997,10/22/17,415.0938791,296.7235495,207.0,1,,320.0,960.0,24.0
210,Q9HHGQ7E47,60463,ALTIMORE 1H,420513399700,4205133997,10/23/17,349.3299505,304.5959596,181.0,1,,320.0,920.0,24.0
211,Q9HHGQ7E47,60463,ALTIMORE 1H,420513399700,4205133997,10/24/17,491.765,391.3640288,216.0,1,,350.0,920.0,26.0
212,Q9HHGQ7E47,60463,ALTIMORE 1H,420513399700,4205133997,10/25/17,471.6376208,446.7780785,300.0,1,,350.0,920.0,26.0
213,Q9HHGQ7E47,60463,ALTIMORE 1H,420513399700,4205133997,10/26/17,438.3249663,486.0610583,241.0,1,,350.0,930.0,26.0
214,Q9HHGQ7E47,60463,ALTIMORE 1H,420513399700,4205133997,10/27/17,653.1935142,630.1601831,443.0,1,,390.0,900.0,30.0
215,Q9HHGQ7E47,60463,ALTIMORE 1H,420513399700,4205133997,10/28/17,452.5855596,616.8717949,292.0,1,,380.0,900.0,30.0
216,Q9HHGQ7E47,60463,ALTIMORE 1H,420513399700,4205133997,10/29/17,506.8881647,561.5622733,356.0,1,,380.0,920.0,30.0
217,Q9HHGQ7E47,60463,ALTIMORE 1H,420513399700,4205133997,10/30/17,335.4402346,536.166065,221.0,1,,320.0,920.0,30.0
218,Q9HHGQ7E47,60463,ALTIMORE 1H,420513399700,4205133997,10/31/17,436.4554038,626.2415197,306.0,1,,315.0,890.0,32.0
219,Q9HHGQ7E47,60463,ALTIMORE 1H,420513399700,4205133997,11/1/17,428.9022309,569.2303433,348.0,1,,310.0,860.0,32.0
220,Q9HHGQ7E47,60463,ALTIMORE 1H,420513399700,4205133997,11/2/17,369.5150711,550.3770492,260.0,1,,310.0,860.0,32.0
221,Q9HHGQ7E47,60463,ALTIMORE 1H,420513399700,4205133997,11/3/17,416.0673663,590.2986612,173.0,1,,260.0,880.0,34.0
222,Q9HHGQ7E47,60463,ALTIMORE 1H,420513399700,4205133997,11/4/17,416.8633474,619.1344538,348.0,1,,260.0,860.0,34.0
223,Q9HHGQ7E47,60463,ALTIMORE 1H,420513399700,4205133997,11/5/17,370.645638,616.7908497,236.0,1,,240.0,830.0,34.0
224,Q9HHGQ7E47,60463,ALTIMORE 1H,420513399700,4205133997,11/6/17,302.7427627,610.7222832,182.0,1,,240.0,840.0,34.0
225,Q9HHGQ7E47,60463,ALTIMORE 1H,420513399700,4205133997,11/7/17,344.7096144,590.4603015,190.0,1,,230.0,830.0,34.0
226,Q9HHGQ7E47,60463,ALTIMORE 1H,420513399700,4205133997,11/8/17,314.412416,535.9887112,114.0,1,,230.0,830.0,34.0
227,Q9HHGQ7E47,60463,ALTIMORE 1H,420513399700,4205133997,11/9/17,401.5546569,516.1961538,208.0,1,,230.0,830.0,34.0
228,Q9HHGQ7E47,60463,ALTIMORE 1H,420513399700,4205133997,11/10/17,321.2651606,541.6439888,223.0,1,,210.0,840.0,34.0
229,Q9HHGQ7E47,60463,ALTIMORE 1H,420513399700,4205133997,11/11/17,373.7462425,534.7535545,231.0,1,,220.0,840.0,34.0
230,Q9HHGQ7E47,60463,ALTIMORE 1H,420513399700,4205133997,11/12/17,358.599926,558.087963,204.0,1,,220.0,840.0,34.0
231,Q9HHGQ7E47,60463,ALTIMORE 1H,420513399700,4205133997,11/13/17,297.5037463,562.8,170.0,1,,220.0,840.0,34.0
232,Q9HHGQ7E47,60463,ALTIMORE 1H,420513399700,4205133997,11/14/17,315.289091,544.3641675,188.0,1,,180.0,830.0,34.0
233,Q9HHGQ7E47,60463,ALTIMORE 1H,420513399700,4205133997,11/15/17,316.9833998,501.852459,190.0,1,,180.0,830.0,34.0
234,Q9HHGQ7E47,60463,ALTIMORE 1H,420513399700,4205133997,11/16/17,343.2869005,488.5062241,195.0,1,,180.0,830.0,34.0
235,Q9HHGQ7E47,60463,ALTIMORE 1H,420513399700,4205133997,11/17/17,309.3385042,458.5224839,159.0,1,,180.0,830.0,34.0
236,Q9HHGQ7E47,60463,ALTIMORE 1H,420513399700,4205133997,11/18/17,325.8137309,431.5929978,160.0,1,,240.0,800.0,34.0
237,Q9HHGQ7E47,60463,ALTIMORE 1H,420513399700,4205133997,11/19/17,326.6346025,410.1585366,172.0,1,,240.0,800.0,34.0
238,Q9HHGQ7E47,60463,ALTIMORE 1H,420513399700,4205133997,11/20/17,246.7159999,401.853567,122.0,1,,240.0,800.0,34.0
239,Q9HHGQ7E47,60463,ALTIMORE 1H,420513399700,4205133997,11/21/17,366.3598806,409.5280899,188.0,1,,240.0,820.0,34.0
240,Q9HHGQ7E47,60463,ALTIMORE 1H,420513399700,4205133997,11/22/17,203.8898694,400.2858881,92.0,1,,110.0,820.0,34.0
241,Q9HHGQ7E47,60463,ALTIMORE 1H,420513399700,4205133997,11/23/17,325.414448,302.9864532,146.0,1,,110.0,830.0,34.0
242,Q9HHGQ7E47,60463,ALTIMORE 1H,420513399700,4205133997,11/24/17,308.3949999,291.2474227,182.0,1,,200.0,820.0,34.0
243,Q9HHGQ7E47,60463,ALTIMORE 1H,420513399700,4205133997,11/25/17,290.9187942,376.7662179,173.0,1,,220.0,820.0,34.0
244,Q9HHGQ7E47,60463,ALTIMORE 1H,420513399700,4205133997,11/26/17,337.1388294,368.56,166.0,1,,160.0,840.0,34.0
245,Q9HHGQ7E47,60463,ALTIMORE 1H,420513399700,4205133997,11/27/17,292.2583021,387.2974607,118.0,1,,160.0,840.0,34.0
246,Q9HHGQ7E47,60463,ALTIMORE 1H,420513399700,4205133997,11/28/17,273.190936,317.1428571,126.0,1,,110.0,820.0,34.0
247,Q9HHGQ7E47,60463,ALTIMORE 1H,420513399700,4205133997,11/29/17,279.3675576,285.3824363,127.0,1,,140.0,825.0,34.0
248,Q9HHGQ7E47,60463,ALTIMORE 1H,420513399700,4205133997,11/30/17,299.553057,349.4458931,143.0,1,,110.0,760.0,34.0
249,Q9HHGQ7E47,60463,ALTIMORE 1H,420513399700,4205133997,12/1/17,280.2105928,313.7597685,172.0,1,,320.0,820.0,34.0
250,Q9HHGQ7E47,60463,ALTIMORE 1H,420513399700,4205133997,12/2/17,298.8158045,387.7530864,122.0,1,,180.0,800.0,34.0
251,Q9HHGQ7E47,60463,ALTIMORE 1H,420513399700,4205133997,12/3/17,299.7650099,386.9261084,133.0,1,,160.0,870.0,34.0
252,Q9HHGQ7E47,60463,ALTIMORE 1H,420513399700,4205133997,12/4/17,218.6015323,250.5085227,79.0,1,,100.0,670.0,34.0
253,Q9HHGQ7E47,60463,ALTIMORE 1H,420513399700,4205133997,12/5/17,259.048065,237.0,118.0,1,,100.0,670.0,34.0
254,Q9HHGQ7E47,60463,ALTIMORE 1H,420513399700,4205133997,12/6/17,495.3617237,318.0350877,153.0,1,,100.0,670.0,34.0
255,Q9HHGQ7E47,60463,ALTIMORE 1H,420513399700,4205133997,12/7/17,176.1138623,422.0,43.0,1,,120.0,780.0,34.0
256,Q9HHGQ7E47,60463,ALTIMORE 1H,420513399700,4205133997,12/8/17,98.9314425,83.79912664,34.0,1,,120.0,780.0,34.0
257,Q9HHGQ7E47,60463,ALTIMORE 1H,420513399700,4205133997,12/9/17,0.0,0.0,0.0,1,,120.0,780.0,34.0
258,Q9HHGQ7E47,60463,ALTIMORE 1H,420513399700,4205133997,12/10/17,0.0,0.0,0.0,1,,120.0,780.0,34.0
259,Q9HHGQ7E47,60463,ALTIMORE 1H,420513399700,4205133997,12/11/17,0.0,0.0,0.0,1,,120.0,780.0,34.0
260,Q9HHGQ7E47,60463,ALTIMORE 1H,420513399700,4205133997,12/12/17,0.0,0.0,0.0,1,,120.0,780.0,34.0
261,Q9HHGQ7E47,60463,ALTIMORE 1H,420513399700,4205133997,12/13/17,638.461,273.5454545,37.0,1,,350.0,820.0,28.0
262,Q9HHGQ7E47,60463,ALTIMORE 1H,420513399700,4205133997,12/14/17,493.0840014,245.1428571,125.0,1,,180.0,820.0,32.0
263,Q9HHGQ7E47,60463,ALTIMORE 1H,420513399700,4205133997,12/15/17,486.1465723,231.6725926,154.0,1,,180.0,820.0,32.0
264,Q9HHGQ7E47,60463,ALTIMORE 1H,420513399700,4205133997,12/16/17,417.294715,428.61738,150.0,1,,220.0,740.0,32.0
265,Q9HHGQ7E47,60463,ALTIMORE 1H,420513399700,4205133997,12/17/17,374.6679683,393.3764368,158.0,1,,160.0,700.0,32.0
266,Q9HHGQ7E47,60463,ALTIMORE 1H,420513399700,4205133997,12/18/17,325.3703672,386.3283984,110.0,1,,160.0,715.0,32.0
267,Q9HHGQ7E47,60463,ALTIMORE 1H,420513399700,4205133997,12/19/17,314.1452422,275.910045,183.0,1,,200.0,763.0,32.0
268,Q9HHGQ7E47,60463,ALTIMORE 1H,420513399700,4205133997,12/20/17,234.6664906,211.1578947,90.0,1,,200.0,794.0,32.0
269,Q9HHGQ7E47,60463,ALTIMORE 1H,420513399700,4205133997,12/21/17,291.6199055,245.7730263,118.0,1,,200.0,793.0,32.0
270,Q9HHGQ7E47,60463,ALTIMORE 1H,420513399700,4205133997,12/22/17,318.1481929,351.4908579,149.0,1,,150.0,781.0,32.0
271,Q9HHGQ7E47,60463,ALTIMORE 1H,420513399700,4205133997,12/23/17,316.7329365,429.3853779,143.0,1,,160.0,800.0,32.0
272,Q9HHGQ7E47,60463,ALTIMORE 1H,420513399700,4205133997,12/24/17,285.0569999,439.5879397,128.0,1,,220.0,800.0,32.0
273,Q9HHGQ7E47,60463,ALTIMORE 1H,420513399700,4205133997,12/25/17,293.7555884,428.8246506,136.0,1,,200.0,779.0,32.0
274,Q9HHGQ7E47,60463,ALTIMORE 1H,420513399700,4205133997,12/26/17,255.053498,394.0969856,111.0,1,,180.0,773.0,32.0
275,Q9HHGQ7E47,60463,ALTIMORE 1H,420513399700,4205133997,12/27/17,291.0315626,392.6244953,120.0,1,,220.0,757.0,32.0
276,Q9HHGQ7E47,60463,ALTIMORE 1H,420513399700,4205133997,12/28/17,256.1640975,365.3920705,130.0,1,,200.0,750.0,32.0
277,Q9HHGQ7E47,60463,ALTIMORE 1H,420513399700,4205133997,12/29/17,260.0434736,362.4611807,115.0,1,,160.0,750.0,32.0
278,Q9HHGQ7E47,60463,ALTIMORE 1H,420513399700,4205133997,12/30/17,258.3849999,330.3191489,100.0,1,,140.0,760.0,32.0
279,Q9HHGQ7E47,60463,ALTIMORE 1H,420513399700,4205133997,12/31/17,180.7170054,207.4784314,45.0,1,,120.0,580.0,32.0
280,Q9HHGQ7E47,60463,ALTIMORE 1H,420513399700,4205133997,1/1/18,0.0,1.6,0.0,1,,620.0,580.0,32.0
281,Q9HHGQ7E47,60463,ALTIMORE 1H,420513399700,4205133997,1/2/18,301.7269999,121.7475728,50.0,1,,140.0,795.0,20.0
282,Q9HHGQ7E47,60463,ALTIMORE 1H,420513399700,4205133997,1/3/18,257.1347499,170.3225806,80.0,1,,140.0,795.0,20.0
283,Q9HHGQ7E47,60463,ALTIMORE 1H,420513399700,4205133997,1/4/18,272.1123673,202.7100271,81.0,1,,200.0,790.0,26.0
284,Q9HHGQ7E47,60463,ALTIMORE 1H,420513399700,4205133997,1/5/18,274.8974409,207.7308489,90.0,1,,220.0,791.0,28.0
285,Q9HHGQ7E47,60463,ALTIMORE 1H,420513399700,4205133997,1/6/18,279.3896842,210.9078947,98.0,1,,260.0,788.0,32.0
286,Q9HHGQ7E47,60463,ALTIMORE 1H,420513399700,4205133997,1/7/18,258.3849999,199.5693161,80.0,1,,140.0,788.0,32.0
287,Q9HHGQ7E47,60463,ALTIMORE 1H,420513399700,4205133997,1/8/18,302.9000959,226.6041276,125.0,1,,120.0,791.0,32.0
288,Q9HHGQ7E47,60463,ALTIMORE 1H,420513399700,4205133997,1/9/18,217.9053501,272.9042553,110.0,1,,250.0,790.0,32.0
289,Q9HHGQ7E47,60463,ALTIMORE 1H,420513399700,4205133997,1/10/18,265.3742795,282.727672,122.0,1,,250.0,789.0,32.0
290,Q9HHGQ7E47,60463,ALTIMORE 1H,420513399700,4205133997,1/11/18,277.8434963,298.8989114,156.0,1,,100.0,717.0,32.0
291,Q9HHGQ7E47,60463,ALTIMORE 1H,420513399700,4205133997,1/12/18,255.3510623,307.964467,123.0,1,,220.0,792.0,32.0
292,Q9HHGQ7E47,60463,ALTIMORE 1H,420513399700,4205133997,1/13/18,288.4358285,358.2222222,146.0,1,,230.0,797.0,32.0
293,Q9HHGQ7E47,60463,ALTIMORE 1H,420513399700,4205133997,1/14/18,246.3293384,320.9043478,133.0,1,,210.0,792.0,32.0
294,Q9HHGQ7E47,60463,ALTIMORE 1H,420513399700,4205133997,1/15/18,233.3799999,270.2896552,99.0,1,,210.0,792.0,32.0
295,Q9HHGQ7E47,60463,ALTIMORE 1H,420513399700,4205133997,1/16/18,55.4333165,57.72,0.0,1,,100.0,573.0,20.0
296,Q9HHGQ7E47,60463,ALTIMORE 1H,420513399700,4205133997,1/17/18,219.5845268,110.0,30.0,1,,150.0,742.0,21.0
297,Q9HHGQ7E47,60463,ALTIMORE 1H,420513399700,4205133997,1/18/18,252.7428817,171.6881029,77.0,1,,300.0,777.0,24.0
298,Q9HHGQ7E47,60463,ALTIMORE 1H,420513399700,4205133997,1/19/18,296.654077,210.25,97.0,1,,250.0,780.0,28.0
299,Q9HHGQ7E47,60463,ALTIMORE 1H,420513399700,4205133997,1/20/18,261.1582675,215.4495614,96.0,1,,140.0,784.0,32.0
300,Q9HHGQ7E47,60463,ALTIMORE 1H,420513399700,4205133997,1/21/18,248.4239978,206.4967462,92.0,1,,125.0,777.0,32.0
301,Q9HHGQ7E47,60463,ALTIMORE 1H,420513399700,4205133997,1/22/18,254.980051,199.0227273,91.0,1,,200.0,786.0,32.0
302,Q9HHGQ7E47,60463,ALTIMORE 1H,420513399700,4205133997,1/23/18,268.1701555,227.9535783,100.0,1,,200.0,792.0,32.0
303,Q9HHGQ7E47,60463,ALTIMORE 1H,420513399700,4205133997,1/24/18,226.7497211,279.6319613,70.0,1,,100.0,542.0,32.0
304,Q9HHGQ7E47,60463,ALTIMORE 1H,420513399700,4205133997,1/25/18,201.7139919,151.2743363,68.0,1,,200.0,774.0,24.0
305,Q9HHGQ7E47,60463,ALTIMORE 1H,420513399700,4205133997,1/26/18,286.7239999,179.7417219,112.0,1,,150.0,793.0,32.0
306,Q9HHGQ7E47,60463,ALTIMORE 1H,420513399700,4205133997,1/27/18,244.0405633,234.1860465,98.0,1,,200.0,796.0,32.0
307,Q9HHGQ7E47,60463,ALTIMORE 1H,420513399700,4205133997,1/28/18,268.2907472,271.6395864,83.0,1,,170.0,803.0,32.0
308,Q9HHGQ7E47,60463,ALTIMORE 1H,420513399700,4205133997,1/29/18,256.4700676,340.3292517,100.0,1,,250.0,793.0,32.0
309,Q9HHGQ7E47,60463,ALTIMORE 1H,420513399700,4205133997,1/30/18,251.5372984,353.4140303,93.0,1,,150.0,787.0,32.0
310,Q9HHGQ7E47,60463,ALTIMORE 1H,420513399700,4205133997,1/31/18,229.0559145,286.0408759,80.0,1,,200.0,783.0,32.0
311,Q9HHGQ7E47,60463,ALTIMORE 1H,420513399700,4205133997,2/1/18,205.741376,254.7674051,83.0,1,,200.0,792.0,32.0
312,Q9HHGQ7E47,60463,ALTIMORE 1H,420513399700,4205133997,2/2/18,241.4900671,236.4152542,99.0,1,,200.0,805.0,32.0
313,Q9HHGQ7E47,60463,ALTIMORE 1H,420513399700,4205133997,2/3/18,226.7497289,214.812,78.0,1,,125.0,805.0,32.0
314,Q9HHGQ7E47,60463,ALTIMORE 1H,420513399700,4205133997,2/4/18,223.3815496,191.8542141,78.0,1,,140.0,804.0,32.0
315,Q9HHGQ7E47,60463,ALTIMORE 1H,420513399700,4205133997,2/5/18,207.0048443,233.3740831,80.0,1,,100.0,803.0,32.0
316,Q9HHGQ7E47,60463,ALTIMORE 1H,420513399700,4205133997,2/6/18,238.381,242.0358974,78.0,1,,250.0,798.0,32.0
317,Q9HHGQ7E47,60463,ALTIMORE 1H,420513399700,4205133997,2/7/18,235.2890875,235.826087,88.0,1,,300.0,804.0,32.0
318,Q9HHGQ7E47,60463,ALTIMORE 1H,420513399700,4205133997,2/8/18,207.3821613,223.7766497,63.0,1,,150.0,807.0,32.0
319,Q9HHGQ7E47,60463,ALTIMORE 1H,420513399700,4205133997,2/9/18,225.1624395,205.1305419,84.0,1,,150.0,805.0,32.0
320,Q9HHGQ7E47,60463,ALTIMORE 1H,420513399700,4205133997,2/10/18,219.0068366,232.3575,70.0,1,,180.0,810.0,32.0
321,Q9HHGQ7E47,60463,ALTIMORE 1H,420513399700,4205133997,2/11/18,231.2356639,253.055,71.0,1,,125.0,809.0,32.0
322,Q9HHGQ7E47,60463,ALTIMORE 1H,420513399700,4205133997,2/12/18,230.9831536,253.6111111,72.0,1,,150.0,810.0,32.0
323,Q9HHGQ7E47,60463,ALTIMORE 1H,420513399700,4205133997,2/13/18,227.0313274,262.2429907,83.0,1,,200.0,811.0,32.0
324,Q9HHGQ7E47,60463,ALTIMORE 1H,420513399700,4205133997,2/14/18,230.6673629,247.5536993,65.0,1,,150.0,811.0,32.0
325,Q9HHGQ7E47,60463,ALTIMORE 1H,420513399700,4205133997,2/15/18,214.3593291,247.0596659,53.0,1,,150.0,807.0,32.0
326,Q9HHGQ7E47,60463,ALTIMORE 1H,420513399700,4205133997,2/16/18,228.379,243.2794457,82.0,1,,150.0,723.0,32.0
327,Q9HHGQ7E47,60463,ALTIMORE 1H,420513399700,4205133997,2/17/18,236.2904474,325.7403651,88.0,1,,150.0,714.0,32.0
328,Q9HHGQ7E47,60463,ALTIMORE 1H,420513399700,4205133997,2/18/18,234.6477547,330.0337711,63.0,1,,140.0,705.0,32.0
329,Q9HHGQ7E47,60463,ALTIMORE 1H,420513399700,4205133997,2/19/18,231.4945231,287.3875,75.0,1,,150.0,733.0,32.0
330,Q9HHGQ7E47,60463,ALTIMORE 1H,420513399700,4205133997,2/20/18,198.3729999,263.6891892,60.0,1,,200.0,710.0,32.0
331,Q9HHGQ7E47,60463,ALTIMORE 1H,420513399700,4205133997,2/21/18,202.0257119,284.9529412,63.0,1,,150.0,708.0,32.0
332,Q9HHGQ7E47,60463,ALTIMORE 1H,420513399700,4205133997,2/22/18,220.3320522,161.6,70.0,1,,200.0,720.0,32.0
333,Q9HHGQ7E47,60463,ALTIMORE 1H,420513399700,4205133997,2/23/18,206.0020978,213.0,58.0,1,,200.0,717.0,32.0
334,Q9HHGQ7E47,60463,ALTIMORE 1H,420513399700,4205133997,2/24/18,181.703,220.6388889,48.0,1,,140.0,731.0,32.0
335,Q9HHGQ7E47,60463,ALTIMORE 1H,420513399700,4205133997,2/25/18,200.9195299,216.9908257,63.0,1,,140.0,739.0,32.0
336,Q9HHGQ7E47,60463,ALTIMORE 1H,420513399700,4205133997,2/26/18,204.2075,222.1869688,53.0,1,,150.0,742.0,32.0
337,Q9HHGQ7E47,60463,ALTIMORE 1H,420513399700,4205133997,2/27/18,238.0407097,219.6359102,73.0,1,,300.0,768.0,32.0
338,Q9HHGQ7E47,60463,ALTIMORE 1H,420513399700,4205133997,2/28/18,219.0363554,255.0909091,91.0,1,,150.0,779.0,32.0
339,Q9HHGQ7E47,60463,ALTIMORE 1H,420513399700,4205133997,3/1/18,218.820541,257.3487179,58.0,1,,180.0,750.0,32.0
340,Q9HHGQ7E47,60463,ALTIMORE 1H,420513399700,4205133997,3/2/18,200.7998691,223.4920635,57.0,1,,150.0,735.0,32.0
341,Q9HHGQ7E47,60463,ALTIMORE 1H,420513399700,4205133997,3/3/18,198.6381636,211.3913043,55.0,1,,140.0,762.0,32.0
342,Q9HHGQ7E47,60463,ALTIMORE 1H,420513399700,4205133997,3/4/18,173.0102746,204.0606061,47.0,1,,140.0,786.0,32.0
343,Q9HHGQ7E47,60463,ALTIMORE 1H,420513399700,4205133997,3/5/18,228.2211186,233.8163934,72.0,1,,150.0,771.0,32.0
344,Q9HHGQ7E47,60463,ALTIMORE 1H,420513399700,4205133997,3/6/18,236.7139999,266.5722543,68.0,1,,100.0,775.0,32.0
345,Q9HHGQ7E47,60463,ALTIMORE 1H,420513399700,4205133997,3/7/18,232.7926475,266.4108761,73.0,1,,100.0,781.0,32.0
346,Q9HHGQ7E47,60463,ALTIMORE 1H,420513399700,4205133997,3/8/18,191.705,241.4625,54.0,1,,200.0,779.0,32.0
347,Q9HHGQ7E47,60463,ALTIMORE 1H,420513399700,4205133997,3/9/18,207.7523307,228.8328076,60.0,1,,100.0,776.0,32.0
348,Q9HHGQ7E47,60463,ALTIMORE 1H,420513399700,4205133997,3/10/18,82.8477511,161.0,18.0,1,,100.0,581.0,32.0
349,Q9HHGQ7E47,60463,ALTIMORE 1H,420513399700,4205133997,3/11/18,225.045,201.6666667,42.0,1,,240.0,793.0,32.0
350,Q9HHGQ7E47,60463,ALTIMORE 1H,420513399700,4205133997,3/12/18,90.2299865,177.6174497,22.0,1,,100.0,583.0,32.0
351,Q9HHGQ7E47,60463,ALTIMORE 1H,420513399700,4205133997,3/13/18,177.0914757,152.1677852,18.0,1,,100.0,796.0,24.0
352,Q9HHGQ7E47,60463,ALTIMORE 1H,420513399700,4205133997,3/14/18,251.1739809,199.986911,73.0,1,,180.0,815.0,28.0
353,Q9HHGQ7E47,60463,ALTIMORE 1H,420513399700,4205133997,3/15/18,273.8227299,223.195572,75.0,1,,150.0,800.0,32.0
354,Q9HHGQ7E47,60463,ALTIMORE 1H,420513399700,4205133997,3/16/18,233.4401041,201.925,65.0,1,,160.0,780.0,32.0
355,Q9HHGQ7E47,60463,ALTIMORE 1H,420513399700,4205133997,3/17/18,240.0479999,258.2964072,70.0,1,,170.0,803.0,32.0
356,Q9HHGQ7E47,60463,ALTIMORE 1H,420513399700,4205133997,3/18/18,221.95752,241.310231,61.0,1,,140.0,802.0,32.0
357,Q9HHGQ7E47,60463,ALTIMORE 1H,420513399700,4205133997,3/19/18,211.4279956,222.0930233,58.0,1,,150.0,808.0,32.0
358,Q9HHGQ7E47,60463,ALTIMORE 1H,420513399700,4205133997,3/20/18,236.7090506,243.5570033,67.0,1,,150.0,803.0,32.0
359,Q9HHGQ7E47,60463,ALTIMORE 1H,420513399700,4205133997,3/21/18,188.4612323,246.0925926,55.0,1,,165.0,810.0,32.0
360,Q9HHGQ7E47,60463,ALTIMORE 1H,420513399700,4205133997,3/22/18,228.0069167,249.5111111,67.0,1,,125.0,710.0,32.0
361,Q9HHGQ7E47,60463,ALTIMORE 1H,420513399700,4205133997,3/23/18,188.8391407,243.6923077,54.0,1,,140.0,809.0,32.0
362,Q9HHGQ7E47,60463,ALTIMORE 1H,420513399700,4205133997,3/24/18,201.2619735,229.25,62.0,1,,160.0,811.0,32.0
363,Q9HHGQ7E47,60463,ALTIMORE 1H,420513399700,4205133997,3/25/18,225.7429255,242.8277946,65.0,1,,150.0,810.0,32.0
364,Q9HHGQ7E47,60463,ALTIMORE 1H,420513399700,4205133997,3/26/18,205.5141536,246.9135802,63.0,1,,200.0,811.0,32.0
365,Q9HHGQ7E47,60463,ALTIMORE 1H,420513399700,4205133997,3/27/18,202.3982231,224.4212219,80.0,1,,130.0,818.0,32.0
366,Q9HHGQ7E47,60463,ALTIMORE 1H,420513399700,4205133997,3/28/18,228.3558387,246.5391304,68.0,1,,140.0,810.0,32.0
367,Q9HHGQ7E47,60463,ALTIMORE 1H,420513399700,4205133997,3/29/18,145.0289999,217.6204819,46.0,1,,100.0,643.0,34.0
368,Q9HHGQ7E47,60463,ALTIMORE 1H,420513399700,4205133997,3/30/18,188.0788148,206.8181818,42.0,1,,250.0,802.0,26.0
369,Q9HHGQ7E47,60463,ALTIMORE 1H,420513399700,4205133997,3/31/18,201.4443377,214.7678571,65.0,1,,250.0,809.0,32.0
370,Q9HHGQ7E47,60463,ALTIMORE 1H,420513399700,4205133997,4/1/18,223.5739289,219.9069767,71.0,1,,150.0,810.0,36.0
371,Q9HHGQ7E47,60463,ALTIMORE 1H,420513399700,4205133997,4/2/18,212.8973612,210.8688525,66.0,1,,180.0,812.0,36.0
372,Q9HHGQ7E47,60463,ALTIMORE 1H,420513399700,4205133997,4/3/18,232.5759665,242.0467422,68.0,1,,150.0,814.0,38.0
373,Q9HHGQ7E47,60463,ALTIMORE 1H,420513399700,4205133997,4/4/18,221.2301704,278.0636238,75.0,1,,130.0,818.0,38.0
374,Q9HHGQ7E47,60463,ALTIMORE 1H,420513399700,4205133997,4/5/18,214.7904589,285.9312839,63.0,1,,150.0,813.0,38.0
375,Q9HHGQ7E47,60463,ALTIMORE 1H,420513399700,4205133997,4/6/18,193.9661508,262.8421053,57.0,1,,140.0,816.0,38.0
376,Q9HHGQ7E47,60463,ALTIMORE 1H,420513399700,4205133997,4/7/18,141.4795524,211.6682927,23.0,1,,140.0,781.0,38.0
377,Q9HHGQ7E47,60463,ALTIMORE 1H,420513399700,4205133997,4/8/18,168.1075878,207.1666667,41.0,1,,150.0,791.0,38.0
378,Q9HHGQ7E47,60463,ALTIMORE 1H,420513399700,4205133997,4/9/18,178.1393165,195.5374593,43.0,1,,110.0,794.0,38.0
379,Q9HHGQ7E47,60463,ALTIMORE 1H,420513399700,4205133997,4/10/18,195.5686593,233.8319088,68.0,1,,140.0,813.0,38.0
380,Q9HHGQ7E47,60463,ALTIMORE 1H,420513399700,4205133997,4/11/18,219.6726562,242.0808081,55.0,1,,150.0,815.0,38.0
381,Q9HHGQ7E47,60463,ALTIMORE 1H,420513399700,4205133997,4/12/18,198.3346772,221.2419355,62.0,1,,140.0,815.0,38.0
382,Q9HHGQ7E47,60463,ALTIMORE 1H,420513399700,4205133997,4/13/18,144.750178,204.8210526,38.0,1,,80.0,633.0,38.0
383,Q9HHGQ7E47,60463,ALTIMORE 1H,420513399700,4205133997,4/14/18,216.282926,200.4950495,53.0,1,,150.0,814.0,38.0
384,Q9HHGQ7E47,60463,ALTIMORE 1H,420513399700,4205133997,4/15/18,207.1519098,221.7520661,51.0,1,,140.0,803.0,38.0
385,Q9HHGQ7E47,60463,ALTIMORE 1H,420513399700,4205133997,4/16/18,213.3553088,219.8868895,67.0,1,,130.0,817.0,38.0
386,Q9HHGQ7E47,60463,ALTIMORE 1H,420513399700,4205133997,4/17/18,209.9772263,235.1079137,62.0,1,,110.0,809.0,40.0
387,Q9HHGQ7E47,60463,ALTIMORE 1H,420513399700,4205133997,4/18/18,230.0459999,233.9086294,65.0,1,,110.0,808.0,40.0
388,Q9HHGQ7E47,60463,ALTIMORE 1H,420513399700,4205133997,4/19/18,146.696,192.6832579,45.0,1,,100.0,633.0,40.0
389,Q9HHGQ7E47,60463,ALTIMORE 1H,420513399700,4205133997,4/20/18,77.5881508,98.65079365,8.0,1,,100.0,610.0,24.0
390,Q9HHGQ7E47,60463,ALTIMORE 1H,420513399700,4205133997,4/21/18,196.658001,127.016129,45.0,1,,160.0,812.0,24.0
391,Q9HHGQ7E47,60463,ALTIMORE 1H,420513399700,4205133997,4/22/18,225.3622771,163.7707182,65.0,1,,140.0,800.0,32.0
392,Q9HHGQ7E47,60463,ALTIMORE 1H,420513399700,4205133997,4/23/18,205.0409999,168.6297229,62.0,1,,130.0,814.0,38.0
393,Q9HHGQ7E47,60463,ALTIMORE 1H,420513399700,4205133997,4/24/18,185.3515983,163.8478803,58.0,1,,140.0,811.0,40.0
394,Q9HHGQ7E47,60463,ALTIMORE 1H,420513399700,4205133997,4/25/18,141.695,117.4695652,42.0,1,,140.0,625.0,40.0
395,Q9HHGQ7E47,60463,ALTIMORE 1H,420513399700,4205133997,4/26/18,201.9436428,147.6178862,45.0,1,,150.0,802.0,30.0
396,Q9HHGQ7E47,60463,ALTIMORE 1H,420513399700,4205133997,4/27/18,91.685,76.19708029,22.0,1,,160.0,696.0,30.0
397,Q9HHGQ7E47,60463,ALTIMORE 1H,420513399700,4205133997,4/28/18,235.1081754,170.0777027,43.0,1,,120.0,793.0,30.0
398,Q9HHGQ7E47,60463,ALTIMORE 1H,420513399700,4205133997,4/29/18,226.7119999,181.0909091,65.0,1,,180.0,814.0,30.0
399,Q9HHGQ7E47,60463,ALTIMORE 1H,420513399700,4205133997,4/30/18,213.4903761,182.6318538,68.0,1,,140.0,871.0,34.0
400,Q9HHGQ7E47,60463,ALTIMORE 1H,420513399700,4205133997,5/1/18,213.3759999,201.7098901,52.0,1,,110.0,810.0,40.0
401,Q9HHGQ7E47,60463,ALTIMORE 1H,420513399700,4205133997,5/2/18,213.3759999,203.556582,57.0,1,,140.0,804.0,40.0
402,Q9HHGQ7E47,60463,ALTIMORE 1H,420513399700,4205133997,5/3/18,215.8614043,214.9090909,67.0,1,,110.0,807.0,40.0
403,Q9HHGQ7E47,60463,ALTIMORE 1H,420513399700,4205133997,5/4/18,201.7069999,234.9461883,66.0,1,,200.0,799.0,40.0
404,Q9HHGQ7E47,60463,ALTIMORE 1H,420513399700,4205133997,5/5/18,230.4627499,238.0560538,63.0,1,,210.0,808.0,40.0
405,Q9HHGQ7E47,60463,ALTIMORE 1H,420513399700,4205133997,5/6/18,191.0771516,218.9407745,58.0,1,,135.0,805.0,40.0
406,Q9HHGQ7E47,60463,ALTIMORE 1H,420513399700,4205133997,5/7/18,168.8968841,210.8935698,48.0,1,,180.0,804.0,40.0
407,Q9HHGQ7E47,60463,ALTIMORE 1H,420513399700,4205133997,5/8/18,173.368,176.8656036,48.0,1,,140.0,791.0,40.0
408,Q9HHGQ7E47,60463,ALTIMORE 1H,420513399700,4205133997,5/9/18,155.0309999,144.4697248,37.0,1,,120.0,806.0,40.0
409,Q9HHGQ7E47,60463,ALTIMORE 1H,420513399700,4205133997,5/10/18,183.6630634,153.0647482,60.0,1,,110.0,808.0,40.0
410,Q9HHGQ7E47,60463,ALTIMORE 1H,420513399700,4205133997,5/11/18,195.0389999,154.8387097,57.0,1,,110.0,808.0,40.0
411,Q9HHGQ7E47,60463,ALTIMORE 1H,420513399700,4205133997,5/12/18,204.9863723,160.3483871,56.0,1,,140.0,817.0,40.0
412,Q9HHGQ7E47,60463,ALTIMORE 1H,420513399700,4205133997,5/13/18,175.7013965,151.5165563,53.0,1,,160.0,863.0,40.0
413,Q9HHGQ7E47,60463,ALTIMORE 1H,420513399700,4205133997,5/14/18,153.9677952,146.5612245,45.0,1,,130.0,835.0,40.0
414,Q9HHGQ7E47,60463,ALTIMORE 1H,420513399700,4205133997,5/15/18,179.108559,141.7051793,52.0,1,,120.0,829.0,40.0
415,Q9HHGQ7E47,60463,ALTIMORE 1H,420513399700,4205133997,5/16/18,156.6979999,141.2957746,55.0,1,,130.0,834.0,40.0
416,Q9HHGQ7E47,60463,ALTIMORE 1H,420513399700,4205133997,5/17/18,171.5947718,135.2175573,45.0,1,,120.0,829.0,40.0
417,Q9HHGQ7E47,60463,ALTIMORE 1H,420513399700,4205133997,5/18/18,177.6076554,127.7104072,55.0,1,,120.0,837.0,34.0
418,Q9HHGQ7E47,60463,ALTIMORE 1H,420513399700,4205133997,5/19/18,205.0409999,125.3545817,58.0,1,,140.0,842.0,36.0
419,Q9HHGQ7E47,60463,ALTIMORE 1H,420513399700,4205133997,5/20/18,171.9764279,126.6558704,47.0,1,,140.0,838.0,36.0
420,Q9HHGQ7E47,60463,ALTIMORE 1H,420513399700,4205133997,5/21/18,147.7539566,132.1292776,45.0,1,,120.0,839.0,36.0
421,Q9HHGQ7E47,60463,ALTIMORE 1H,420513399700,4205133997,5/22/18,183.37,129.7218045,40.0,1,,130.0,830.0,36.0
422,Q9HHGQ7E47,60463,ALTIMORE 1H,420513399700,4205133997,5/23/18,172.3166036,123.66,50.0,1,,120.0,831.0,36.0
423,Q9HHGQ7E47,60463,ALTIMORE 1H,420513399700,4205133997,5/24/18,143.8349608,125.6707317,43.0,1,,140.0,830.0,36.0
424,Q9HHGQ7E47,60463,ALTIMORE 1H,420513399700,4205133997,5/25/18,124.6098168,101.8281938,55.0,1,,150.0,837.0,36.0
425,Q9HHGQ7E47,60463,ALTIMORE 1H,420513399700,4205133997,5/26/18,170.0339999,96.63800905,39.0,1,,130.0,838.0,36.0
426,Q9HHGQ7E47,60463,ALTIMORE 1H,420513399700,4205133997,5/27/18,179.70774,101.2604651,33.0,1,,110.0,816.0,36.0
427,Q9HHGQ7E47,60463,ALTIMORE 1H,420513399700,4205133997,5/28/18,151.5978556,102.1209677,39.0,1,,120.0,831.0,36.0
428,Q9HHGQ7E47,60463,ALTIMORE 1H,420513399700,4205133997,5/29/18,178.7549573,117.832,45.0,1,,120.0,826.0,36.0
429,Q9HHGQ7E47,60463,ALTIMORE 1H,420513399700,4205133997,5/30/18,181.706822,118.5641026,42.0,1,,120.0,830.0,36.0
430,Q9HHGQ7E47,60463,ALTIMORE 1H,420513399700,4205133997,5/31/18,178.3689999,111.2677824,46.0,1,,130.0,818.0,36.0
431,Q9HHGQ7E47,60463,ALTIMORE 1H,420513399700,4205133997,6/1/18,181.5953291,122.6050725,55.0,1,,120.0,830.0,36.0
432,Q9HHGQ7E47,60463,ALTIMORE 1H,420513399700,4205133997,6/2/18,196.5066797,125.4440433,53.0,1,,150.0,870.0,36.0
433,Q9HHGQ7E47,60463,ALTIMORE 1H,420513399700,4205133997,6/3/18,173.4690149,125.4572491,47.0,1,,160.0,842.0,36.0
434,Q9HHGQ7E47,60463,ALTIMORE 1H,420513399700,4205133997,6/4/18,-21.6709999,0.0,0.0,1,,160.0,842.0,0.0
